Emp ID,First Name,Last Name,DOB,SSN,State
214,Sarah,Simpson,12/04/1985,***-**-8166,Florida
15,Samantha,Lara,09/08/1993,***-**-7526,Colorado
411,Stacy,Charles,12/20/1957,***-**-8526,Pennsylvania
166,Michelle,Roy,07/29/1978,***-**-3944,Michigan
39,Joseph,Rogers,03/28/1985,***-**-3515,Minnesota
423,Erica,Hines,10/13/1975,***-**-6153,New York
192,Zoe,Patel,12/20/1967,***-**-0817,Wisconsin
162,Matthew,Harvey,01/20/1990,***-**-0346,Tennessee
131,Shawn,Davis,07/21/1961,***-**-1581,West Virginia
20,April,Baldwin,08/07/1961,***-**-2014,Missouri
246,Vincent,Daniels,01/06/1972,***-**-2754,Montana
525,Ann,Fields,08/22/1960,***-**-7911,Iowa
392,Jeffrey,Pearson,05/05/1979,***-**-2578,Illinois
474,Heather,Johnson,09/23/1989,***-**-0904,Georgia
478,Melissa,Fletcher,03/14/1979,***-**-6881,Rhode Island
101,Kimberly,Alvarez,09/04/1984,***-**-8680,Louisiana
52,Monica,Jimenez,04/08/1988,***-**-1668,North Dakota
182,Steven,Johnson,05/28/1962,***-**-7070,Nebraska
637,Sarah,Wood,06/15/1972,***-**-6715,Florida
510,Jesus,Petersen,03/28/1958,***-**-0770,Oklahoma
122,Rhonda,Rosales,04/10/1963,***-**-0286,Alabama
294,Nicole,Richardson,09/09/1981,***-**-5228,Louisiana
327,Jennifer,Mendez,07/20/1977,***-**-1994,Oregon
145,Sandra,Petty,01/30/1981,***-**-7629,North Carolina
565,Michael,Hester,04/13/1987,***-**-6836,South Dakota
590,Joseph,Brown,08/28/1982,***-**-4744,New Hampshire
340,Michelle,Cooper,08/23/1993,***-**-2306,Washington
176,Barbara,Wise,12/15/1991,***-**-7662,Indiana
63,Carol,Rosales,07/20/1984,***-**-4907,New Jersey
121,Mark,Villa,02/24/1969,***-**-2207,Mississippi
70,Russell,Orozco,09/16/1973,***-**-5514,Mississippi
446,Michelle,Sanchez,08/21/1994,***-**-5222,Oklahoma
156,Briana,Ayala,10/31/1965,***-**-4542,Connecticut
343,Shane,Roberts,12/14/1958,***-**-6030,Hawaii
599,Cassandra,Morris,01/24/1973,***-**-3831,Montana
102,Krista,Thompson,07/25/1984,***-**-7445,Kentucky
377,Jon,Bennett,09/13/1957,***-**-1689,New Mexico
240,April,Thomas,12/03/1993,***-**-3580,Colorado
455,Haley,Martinez,01/15/1968,***-**-3736,Idaho
503,Isaac,Stafford,11/25/1989,***-**-5036,South Dakota
269,John,Martinez,01/06/1987,***-**-3936,New Hampshire
219,John,Phillips,12/08/1982,***-**-4070,West Virginia
301,Gary,Shelton,09/11/1978,***-**-9672,South Dakota
84,Amanda,Gordon,10/12/1969,***-**-2966,Maine
588,Jessica,Holt,09/12/1963,***-**-6084,Nebraska
540,Stephanie,Estes,07/15/1966,***-**-9779,South Dakota
329,Jessica,Brown,02/01/1992,***-**-7328,Mississippi
74,Donna,Manning,05/19/1973,***-**-7781,New Mexico
29,Nicholas,Owens,08/20/1991,***-**-7882,Virginia
92,Wendy,Ryan,05/13/1960,***-**-0741,Arizona
489,Kimberly,Hooper,09/08/1971,***-**-3136,Georgia
561,Deborah,Gonzalez,05/28/1975,***-**-0643,Montana
44,Laura,Yoder,04/18/1987,***-**-3016,Indiana
138,Kimberly,Velez,03/07/1958,***-**-0707,Arizona
623,Kevin,Garcia,05/15/1973,***-**-4337,Oklahoma
173,Marcia,Jones,11/20/1972,***-**-0963,North Dakota
148,Nicole,Baldwin,08/11/1978,***-**-5508,Nevada
184,Katherine,Juarez,02/13/1986,***-**-8687,California
228,Paula,Thompson,09/22/1985,***-**-7734,North Carolina
117,Joan,Hoover,02/27/1973,***-**-5429,New Mexico
544,Stephen,Simon,11/28/1962,***-**-1621,Nevada
116,Rebecca,Taylor,09/30/1962,***-**-9126,Minnesota
622,Lindsay,Owens,04/28/1973,***-**-6742,Delaware
376,Justin,Payne,07/03/1983,***-**-7892,Alaska
100,Michelle,Thornton,01/25/1961,***-**-4112,Georgia
222,Timothy,Hill,08/11/1985,***-**-4460,South Carolina
506,Karen,Johnson,01/05/1976,***-**-5174,Ohio
59,Alexis,Mcintosh,03/01/1962,***-**-9185,Kentucky
456,Susan,Fitzgerald,09/18/1961,***-**-3222,Alabama
389,Amber,Stewart,08/26/1958,***-**-3120,Ohio
236,Taylor,Evans,07/17/1983,***-**-2641,New Jersey
78,Tracy,Knight,09/27/1993,***-**-8339,Idaho
253,Jason,Parks,02/27/1981,***-**-2601,Arizona
67,Jonathan,Carroll,06/15/1973,***-**-7126,South Carolina
642,Sara,Wallace,06/21/1959,***-**-6918,Mississippi
279,Jeffrey,Mitchell,05/23/1969,***-**-4559,Utah
41,April,West,03/11/1986,***-**-9544,Delaware
30,Ryan,Reynolds,02/05/1973,***-**-2883,Indiana
462,Rachel,Bell,07/24/1989,***-**-1379,Alabama
87,Amber,Williamson,06/20/1984,***-**-4567,Louisiana
26,Tony,Park,10/08/1968,***-**-7749,Utah
553,Robert,Jefferson,10/04/1981,***-**-6302,Ohio
151,Sarah,Hernandez,07/05/1987,***-**-5549,Wyoming
523,Margaret,Foley,12/19/1968,***-**-4633,California
434,Tina,Christensen,03/01/1988,***-**-0333,Tennessee
1,Isaac,Gomez,10/16/1987,***-**-4728,Wyoming
365,Phillip,Davis,04/24/1961,***-**-5132,Vermont
230,Brian,Douglas,09/18/1979,***-**-9324,Nevada
357,Teresa,Wilson,08/12/1994,***-**-9378,Indiana
142,Timothy,Wilson,11/21/1993,***-**-1270,West Virginia
606,Lori,Davies,08/21/1980,***-**-9489,Alaska
129,Brittany,Stone,11/21/1985,***-**-0950,Colorado
34,Matthew,Rogers,03/09/1974,***-**-2560,California
190,Francisco,Gardner,08/18/1972,***-**-0367,Wisconsin
259,Ashley,Patrick,12/06/1979,***-**-7953,Oregon
471,Brandi,Frey,07/23/1979,***-**-2997,Maryland
362,Garrett,Kelley,12/20/1974,***-**-1192,Pennsylvania
620,Robert,Barron,04/19/1985,***-**-0735,Nebraska
299,Lee,Serrano,06/19/1967,***-**-0867,West Virginia
213,Jessica,Vance,04/30/1959,***-**-9076,Delaware
427,Russell,Ashley,02/15/1973,***-**-2395,Ohio
105,Catherine,Richardson,10/03/1989,***-**-2969,Wyoming
260,Sheri,Hamilton,03/12/1986,***-**-9319,New Hampshire
547,Craig,Strickland,02/27/1968,***-**-3498,North Dakota
28,Brandon,Hall,09/30/1969,***-**-6416,Alaska
486,Karla,Adams,11/18/1962,***-**-7524,Vermont
300,Ernest,Washington,07/15/1990,***-**-9800,Florida
501,John,Owens,05/15/1989,***-**-7554,Montana
584,Roberto,Farmer,05/04/1968,***-**-3936,Louisiana
453,Tom,Bailey,01/24/1980,***-**-1663,Iowa
16,Jennifer,White,01/17/1966,***-**-1698,Michigan
185,Courtney,Mendez,11/25/1961,***-**-8268,Nebraska
223,Jasmine,Miller,05/13/1971,***-**-2427,Maryland
290,Amy,Bryan,06/24/1969,***-**-2636,California
71,Melvin,Pruitt,05/06/1994,***-**-4970,Alaska
73,Amanda,Carrillo,10/25/1957,***-**-8942,Mississippi
549,Anthony,Nguyen,03/10/1987,***-**-6484,North Dakota
359,Kaitlyn,Charles,11/23/1965,***-**-7712,New Hampshire
631,Rebecca,Pollard,03/17/1977,***-**-9010,Florida
585,James,Jackson,09/02/1987,***-**-8491,Maine
641,Gina,Jones,02/05/1964,***-**-3596,Hawaii
564,Tyler,Woodward,05/06/1983,***-**-7298,Kansas
149,Hannah,Schultz,12/28/1984,***-**-7228,New York
430,Anthony,Sims,04/20/1976,***-**-1311,Connecticut
587,Jessica,Wallace,05/02/1981,***-**-7152,Wisconsin
420,Jonathan,Pearson,01/03/1980,***-**-7840,Vermont
625,Richard,Hunt,09/17/1987,***-**-9513,Indiana
319,Madison,Ballard,03/11/1966,***-**-3750,Delaware
18,Kathryn,Blair,08/07/1993,***-**-8028,Georgia
535,Kristina,Patterson,03/28/1958,***-**-5885,Connecticut
417,Kathryn,Bryant,04/09/1957,***-**-8017,Colorado
391,Jerry,Ayala,03/02/1982,***-**-9737,Washington
274,Karen,Rodriguez,07/30/1994,***-**-3813,Connecticut
270,Daniel,Jacobs,04/24/1972,***-**-6724,Texas
537,Stephanie,Campbell,08/30/1968,***-**-3547,Tennessee
341,Michael,Pacheco,04/29/1977,***-**-6378,Louisiana
402,Steven,Garcia,04/01/1991,***-**-9437,Montana
476,Brenda,Hall,07/15/1957,***-**-7869,Texas
367,Rhonda,Smith,06/27/1969,***-**-5595,Maine
407,Tracy,Francis,01/26/1960,***-**-8950,Vermont
280,Dawn,Fernandez,04/14/1981,***-**-9216,Nebraska
524,Matthew,Wells,08/29/1958,***-**-2780,Florida
57,Joel,Walker,09/20/1979,***-**-6637,Florida
312,Paula,Shea,08/15/1978,***-**-1746,Ohio
649,Paul,Bell,05/23/1976,***-**-7411,Wisconsin
488,Frederick,Roberson,01/02/1978,***-**-0114,Michigan
139,Melissa,Armstrong,03/17/1959,***-**-9454,Oregon
412,Jennifer,Alexander,01/15/1969,***-**-9026,Alaska
5,Cassandra,Perez,09/02/1986,***-**-1151,Illinois
153,Anthony,Austin,12/17/1965,***-**-9162,Wisconsin
321,Cynthia,Jones,08/11/1976,***-**-3428,Rhode Island
541,Oscar,Bernard,04/07/1990,***-**-5243,Illinois
406,Amanda,Hendrix,11/19/1980,***-**-7721,Arkansas
204,Vincent,Henry,08/22/1961,***-**-5624,Utah
567,Lauren,Bush,12/19/1976,***-**-3299,Georgia
187,Stacey,Bates,06/17/1961,***-**-1470,California
460,Amanda,Khan,04/16/1971,***-**-9388,Nebraska
212,Amanda,Sutton,12/07/1973,***-**-2368,Arkansas
617,Joshua,Li,03/20/1992,***-**-6050,Idaho
353,Becky,Kennedy,04/05/1987,***-**-4807,Michigan
383,Laura,Espinoza,09/04/1978,***-**-5712,Florida
91,Joshua,Murphy,12/31/1970,***-**-7318,Wisconsin
429,Randall,Bowen,04/11/1969,***-**-0666,Texas
40,Michelle,Pham,07/31/1979,***-**-2595,South Carolina
298,Emily,Thomas,07/10/1974,***-**-6906,Rhode Island
400,Jessica,Kelley,12/15/1976,***-**-4271,Kentucky
480,Jeffrey,Brown,12/23/1968,***-**-7392,Washington
375,Jennifer,Keith,11/24/1990,***-**-2614,Arkansas
626,Joshua,Romero,10/14/1979,***-**-4169,New Mexico
97,Frank,Walker,12/13/1976,***-**-5611,Arizona
291,Cody,Lindsey,01/29/1965,***-**-8099,Alabama
614,Cody,Baker,03/09/1979,***-**-5896,Vermont
552,Jaclyn,Wall,12/13/1985,***-**-5336,South Dakota
338,Kaitlyn,Roy,06/15/1965,***-**-0939,Minnesota
513,Allison,Lee,04/04/1994,***-**-8932,Utah
231,Heather,Patterson,06/08/1969,***-**-2886,West Virginia
443,Carrie,Thomas,08/08/1980,***-**-8236,Massachusetts
140,David,Gutierrez,08/14/1967,***-**-9234,Nebraska
96,Harold,Robinson,08/20/1965,***-**-7098,New Mexico
531,Alex,Graham,11/27/1978,***-**-6911,Kentucky
403,Steven,Thompson,01/01/1978,***-**-0637,New Jersey
580,Barbara,Martin,11/11/1971,***-**-5120,Nebraska
113,Theresa,Cochran,02/23/1976,***-**-2404,Iowa
289,Michael,Madden,09/05/1964,***-**-2946,Colorado
247,Brian,Chase,05/01/1989,***-**-3628,Arizona
472,Carolyn,Rodriguez,11/16/1962,***-**-2185,Rhode Island
582,Breanna,Williams,06/03/1994,***-**-8593,North Carolina
265,Anne,Cook,11/11/1981,***-**-8560,New York
281,Tara,Bowers,09/22/1975,***-**-7048,New York
330,Joyce,Hall,10/10/1980,***-**-4819,Virginia
372,Sydney,George,01/24/1959,***-**-8264,Florida
628,Lindsay,Williams,09/19/1977,***-**-4792,Nevada
445,Darrell,Thomas,03/14/1986,***-**-2653,Utah
316,Thomas,Knight,08/07/1965,***-**-2441,New Jersey
499,Carolyn,Diaz,04/20/1991,***-**-2117,Delaware
528,Karen,Ball,04/13/1986,***-**-9411,North Dakota
242,Ronald,Richardson,04/20/1988,***-**-6742,Georgia
632,Donna,Williams,09/01/1986,***-**-3144,Mississippi
313,Molly,Wright,02/23/1991,***-**-7938,Washington
89,Jeffrey,Mcintyre,06/02/1974,***-**-8359,Kansas
130,Tabitha,Parks,01/19/1975,***-**-8386,Iowa
3,Melissa,Padilla,12/08/1982,***-**-9382,Montana
586,George,Harris,11/15/1979,***-**-2111,Arizona
355,Cheryl,Hancock,09/03/1993,***-**-2522,Idaho
532,Jeffrey,Paul,01/12/1972,***-**-0457,Montana
326,Wendy,Jones,04/20/1979,***-**-4078,New York
225,Elizabeth,Johnson,12/01/1981,***-**-8375,Arkansas
191,Charles,Green,05/22/1990,***-**-9288,South Carolina
444,Jeffrey,Cooper,12/14/1970,***-**-7671,Maryland
490,Judith,Brooks,01/25/1971,***-**-6779,Indiana
609,Amanda,Ramsey,04/10/1971,***-**-2683,South Carolina
47,Stephen,Oliver,12/27/1984,***-**-5500,California
508,Nancy,Rodriguez,02/13/1988,***-**-1027,Maryland
388,Joshua,Powers,05/13/1971,***-**-4897,Florida
331,Lisa,Stein,02/07/1980,***-**-2075,California
264,Jessica,Martin,08/18/1967,***-**-8568,Nevada
589,George,Hardy,04/17/1990,***-**-4162,New Mexico
278,Jonathan,Carney,11/08/1990,***-**-0506,Colorado
526,Carol,Robertson,02/01/1959,***-**-6248,Illinois
205,Susan,Zhang,03/18/1983,***-**-5874,Connecticut
199,Christopher,Cameron,08/30/1969,***-**-1053,New York
550,Paul,Ramsey,05/14/1990,***-**-6565,Maryland
103,David,Torres,03/26/1971,***-**-5176,Mississippi
465,Barbara,Roberts,10/22/1993,***-**-9440,Kansas
348,Nicholas,Dunn,05/22/1985,***-**-1196,Maryland
158,John,Long,10/09/1966,***-**-8394,Nebraska
361,Shelby,Porter,01/09/1992,***-**-7391,Maine
610,Judith,Robinson,08/29/1973,***-**-3792,Florida
235,Justin,Holt,09/19/1969,***-**-2854,Wyoming
442,Laura,Valdez,09/14/1988,***-**-2068,Illinois
215,Jesse,Rosales,12/29/1989,***-**-0642,West Virginia
17,Amy,Duran,04/02/1992,***-**-5581,Minnesota
363,Joshua,Williams,11/06/1976,***-**-1375,Indiana
438,Robert,Davis,03/28/1986,***-**-0776,Nebraska
111,Lisa,Houston,06/27/1966,***-**-5946,Ohio
396,Timothy,Williams,11/27/1978,***-**-5842,Illinois
255,Kim,Finley,03/09/1973,***-**-6351,South Carolina
226,Andrew,Lopez,06/11/1962,***-**-7248,Tennessee
652,Veronica,Herrera,10/22/1958,***-**-4723,Iowa
64,Bob,Murphy,01/14/1982,***-**-8100,South Dakota
415,Timothy,Duncan,09/25/1977,***-**-7493,Indiana
354,David,Sandoval,11/26/1985,***-**-6963,West Virginia
517,Tony,Graves,10/19/1980,***-**-5360,Idaho
292,Andrea,Fuller,07/17/1981,***-**-0698,Washington
579,William,Carney,06/16/1974,***-**-3440,Wyoming
181,Daniel,Dominguez,11/15/1992,***-**-9595,Kentucky
556,David,Franco,10/30/1983,***-**-2451,New York
351,Justin,Ortiz,01/29/1961,***-**-6761,Alaska
405,Sara,Jarvis,07/23/1964,***-**-3953,West Virginia
647,Adam,Green,05/09/1988,***-**-5674,Tennessee
646,Debra,Flores,04/02/1969,***-**-7111,Kansas
79,Jennifer,Adams,12/04/1988,***-**-1210,Rhode Island
371,Lori,Sosa,06/14/1988,***-**-7062,Michigan
542,Cory,Mora,03/27/1985,***-**-0325,Nevada
261,Denise,Hughes,09/20/1966,***-**-7879,Utah
368,Anthony,Jenkins,09/05/1957,***-**-0437,Massachusetts
439,Leonard,Soto,10/17/1986,***-**-1991,Nebraska
82,Donald,Todd,07/16/1960,***-**-6930,Michigan
431,Christopher,Long,08/24/1979,***-**-2737,Vermont
155,Donald,Pierce,02/27/1976,***-**-1562,New Jersey
189,Matthew,Sullivan,02/25/1986,***-**-6697,Mississippi
393,Brianna,Stevens,06/11/1965,***-**-4666,Montana
451,Jacqueline,Villegas,02/13/1981,***-**-8948,South Carolina
22,Mary,Diaz,02/18/1964,***-**-8701,Georgia
470,Steven,Taylor,12/01/1985,***-**-1803,New Hampshire
384,Edward,Jimenez,08/19/1980,***-**-1355,Kentucky
7,John,Joseph,01/07/1992,***-**-0413,Pennsylvania
258,Jared,Fletcher,07/16/1977,***-**-9304,Vermont
568,Kathleen,Hill,02/04/1970,***-**-3356,New Hampshire
56,Johnny,Warner,08/16/1965,***-**-4164,New Hampshire
621,Frank,Smith,02/08/1971,***-**-1100,Illinois
49,Stephanie,Thompson,03/26/1957,***-**-6249,Rhode Island
397,Angela,Cannon,09/13/1992,***-**-3459,Kansas
36,Trevor,Robinson,04/26/1967,***-**-3462,West Virginia
33,Gregory,Powers,05/19/1969,***-**-8879,Kansas
224,Michael,Sparks,11/03/1982,***-**-6809,North Carolina
634,George,Flores,01/31/1989,***-**-0195,Iowa
144,Michael,Hall,01/22/1986,***-**-0161,Arizona
491,Susan,Williamson,05/27/1973,***-**-0355,Indiana
309,Luis,Norton,05/11/1988,***-**-6955,Wisconsin
211,Victoria,Pearson,03/07/1990,***-**-5518,North Dakota
475,Roger,Nichols,01/13/1976,***-**-4515,Oregon
493,Jenny,Mills,11/10/1983,***-**-1434,Wisconsin
128,Joshua,Moore,09/30/1965,***-**-8369,Pennsylvania
262,James,Carr,02/25/1979,***-**-8546,Alabama
597,David,Lane,04/21/1974,***-**-4614,Minnesota
325,Beth,Reese,04/30/1961,***-**-1223,Pennsylvania
573,Lindsay,Thompson,09/24/1986,***-**-1306,Kansas
55,Amber,Taylor,04/27/1982,***-**-6610,New York
132,Oscar,Yates,04/03/1977,***-**-0620,Illinois
401,Anthony,Cooper,06/04/1994,***-**-2490,California
483,Tracie,Harrison,07/01/1983,***-**-7833,Delaware
424,Corey,Herrera,11/08/1970,***-**-3228,Oregon
188,Anthony,Kim,11/04/1981,***-**-7043,Wyoming
272,Kendra,Marshall,09/11/1967,***-**-2658,Indiana
545,Debbie,Chang,02/17/1993,***-**-8022,Pennsylvania
193,Miranda,Simmons,03/27/1964,***-**-2359,Illinois
593,Catherine,Murphy,08/11/1968,***-**-6401,Rhode Island
463,Nicholas,Shelton,06/07/1984,***-**-0704,Georgia
334,Laura,Winters,07/05/1969,***-**-4775,Georgia
596,Jill,Barr,04/07/1983,***-**-7889,Minnesota
373,Lauren,Ritter,12/26/1970,***-**-7600,Kansas
635,Anthony,Short,06/07/1986,***-**-6004,Wyoming
315,Patrick,Yates,05/07/1967,***-**-4036,North Carolina
120,Brett,Mitchell,01/20/1976,***-**-8337,Wisconsin
110,Andrea,Boone,02/05/1983,***-**-1089,Colorado
68,Charles,Alvarez,02/01/1993,***-**-5142,Montana
14,Jeff,Garner,12/21/1978,***-**-2191,Massachusetts
200,Natalie,Williams,06/14/1971,***-**-2753,Massachusetts
62,Tracy,King,11/17/1969,***-**-0822,North Carolina
263,Michael,Huang,02/14/1990,***-**-6162,South Carolina
257,Ray,Miller,03/09/1968,***-**-5774,California
61,Tracey,Powers,04/28/1976,***-**-5107,Wyoming
107,Alexander,Moore,07/05/1992,***-**-4136,Hawaii
322,Lisa,Fisher,01/05/1977,***-**-4670,New Mexico
2,Tamara,Gentry,04/03/1987,***-**-7430,South Carolina
81,Christopher,Fitzgerald,04/19/1992,***-**-7096,Massachusetts
337,Jose,Olson,01/20/1991,***-**-7256,Pennsylvania
93,Carrie,Wallace,02/07/1966,***-**-8007,Georgia
366,Crystal,Smith,04/30/1991,***-**-6884,New York
287,Caroline,Edwards,10/20/1959,***-**-7816,Nevada
66,Carol,Baker,08/01/1959,***-**-8196,Oregon
243,Alexandra,Ward,12/27/1973,***-**-3414,Arkansas
603,Krystal,Townsend,05/15/1990,***-**-6839,Arizona
277,Melanie,Elliott,06/21/1976,***-**-2869,Minnesota
583,Tracey,Barajas,01/09/1973,***-**-9722,Arkansas
268,Eric,Barker,12/09/1976,***-**-2136,Georgia
234,Olivia,Elliott,09/15/1991,***-**-7631,New Mexico
320,Daniel,Reed,12/24/1969,***-**-3333,New Jersey
461,Roberto,Pierce,07/03/1964,***-**-9982,Missouri
232,Lawrence,Stewart,06/15/1987,***-**-1303,Missouri
13,Michael,Snow,02/17/1965,***-**-2820,Kansas
108,Ashley,Cruz,09/09/1973,***-**-3168,Massachusetts
216,Jesus,Hobbs,12/10/1975,***-**-2648,Mississippi
304,Jody,Riley,01/08/1978,***-**-6681,Connecticut
94,Joseph,Scott,11/23/1993,***-**-4445,Maryland
171,Eric,Sullivan,01/05/1993,***-**-8141,South Carolina
466,Christopher,Cervantes,11/09/1975,***-**-7919,Vermont
498,Jennifer,Leon,02/03/1959,***-**-2413,Arkansas
180,Victor,Fuentes,12/07/1957,***-**-5844,Washington
9,Christine,Marshall,12/05/1972,***-**-6538,Alabama
170,Amanda,Garcia,12/03/1961,***-**-1013,New Jersey
172,Nancy,Holloway,03/13/1983,***-**-4965,Alaska
46,Kimberly,Banks,07/03/1990,***-**-7861,Arizona
576,Laura,King,06/04/1971,***-**-5040,Arizona
11,Robert,Mendoza,04/23/1982,***-**-0627,Iowa
80,Jessica,Black,12/11/1981,***-**-6296,Kentucky
77,Cynthia,Duffy,07/08/1990,***-**-0500,North Carolina
555,Aaron,Henry,10/15/1978,***-**-3379,Michigan
95,Autumn,Peterson,01/02/1965,***-**-9763,Oklahoma
595,Danielle,Murphy,08/15/1963,***-**-0413,Texas
543,Deborah,Hoffman,10/20/1986,***-**-9690,Montana
227,Kathy,Palmer,07/19/1972,***-**-3934,Arkansas
572,Tim,Smith,04/22/1967,***-**-8047,North Carolina
387,Renee,Campbell,11/09/1970,***-**-2594,Missouri
380,Bryan,Mcdaniel,04/19/1959,***-**-4659,Florida
203,Rhonda,Flores,12/13/1974,***-**-3754,West Virginia
636,Jonathan,Wright,06/17/1963,***-**-8490,Missouri
256,Sydney,King,01/12/1977,***-**-5923,Florida
85,Janet,Gonzales,12/08/1972,***-**-0243,Utah
520,Steve,Russell,08/19/1978,***-**-9820,Washington
233,Craig,Pennington,12/25/1957,***-**-8248,North Dakota
410,Andrew,Thomas,04/11/1963,***-**-7838,Massachusetts
485,Miguel,Woods,06/10/1992,***-**-1852,Maine
630,Samuel,Anderson,03/02/1969,***-**-9480,South Carolina
295,Cynthia,Clarke,05/29/1962,***-**-8148,Massachusetts
487,Adam,Mcgrath,06/20/1960,***-**-3185,Alaska
616,Courtney,Oconnell,04/03/1984,***-**-3672,South Dakota
435,Brandon,Hudson,08/07/1966,***-**-4780,Illinois
349,Rachel,Lewis,02/06/1985,***-**-5213,Georgia
557,Manuel,Rodriguez,03/07/1981,***-**-0042,Washington
425,Gregory,Wilkinson,08/23/1984,***-**-6395,North Carolina
273,Donna,Lopez,08/03/1962,***-**-6360,New Hampshire
69,David,Scott,03/10/1992,***-**-0749,Mississippi
571,Gregory,Maxwell,11/21/1977,***-**-7057,Nevada
169,Daniel,Wilkins,09/24/1975,***-**-4870,Mississippi
495,Jonathan,Henry,06/08/1989,***-**-2026,Montana
350,Heather,Shepherd,09/17/1984,***-**-2527,Washington
395,Cindy,Munoz,10/30/1986,***-**-0435,New Hampshire
75,Dalton,Bowman,12/24/1977,***-**-8792,Maine
244,Jon,Clark,06/18/1967,***-**-8771,Tennessee
509,Amber,Meyer,09/04/1983,***-**-5604,Louisiana
339,Steven,Madden,06/18/1972,***-**-9767,Indiana
534,Victoria,Lewis,01/04/1971,***-**-6283,Washington
419,Karl,Dudley,12/14/1974,***-**-6649,Texas
386,Alicia,Stone,12/24/1966,***-**-8324,Colorado
328,Max,Mckay,08/17/1960,***-**-4918,South Carolina
612,Richard,Brown,06/30/1979,***-**-0117,Montana
502,Heather,Case,12/22/1971,***-**-1698,Arkansas
390,Amy,Gonzalez,10/12/1965,***-**-2150,Utah
404,Brandon,Armstrong,12/12/1973,***-**-5658,Arizona
159,Terrance,Ewing,01/15/1981,***-**-5340,Virginia
115,Jessica,Boyd,04/27/1960,***-**-9784,Virginia
422,Corey,Taylor,03/09/1966,***-**-4578,Mississippi
250,Frank,Blankenship,11/17/1958,***-**-3591,Mississippi
638,Monica,Montgomery,10/14/1975,***-**-3158,Mississippi
414,Tammy,Patrick,09/07/1961,***-**-7381,New Mexico
127,Corey,Sawyer,08/13/1982,***-**-9114,Delaware
440,Linda,Anthony,01/23/1994,***-**-7298,South Dakota
594,Travis,Patrick,10/12/1967,***-**-7968,Tennessee
114,Linda,Davis,08/08/1975,***-**-0620,Connecticut
109,Anthony,Adams,02/09/1962,***-**-1396,Vermont
515,Christopher,Johnson,11/03/1959,***-**-5547,Connecticut
31,Tracy,Austin,08/06/1980,***-**-1904,Rhode Island
605,Matthew,Woodward,03/26/1978,***-**-6667,Idaho
421,Donna,Cole,01/19/1973,***-**-3401,New York
536,Alexis,Allen,08/11/1963,***-**-6449,Tennessee
267,Stephen,Parker,03/18/1967,***-**-9288,Colorado
210,Nicole,Johnson,05/01/1963,***-**-0265,Pennsylvania
560,Daniel,Green,06/16/1976,***-**-7915,Alaska
302,Dylan,Adams,04/16/1966,***-**-4597,Colorado
640,Jason,Davis,06/06/1970,***-**-5627,Louisiana
449,Jennifer,Conrad,10/08/1973,***-**-2874,Wyoming
202,Stephen,Dawson,06/30/1985,***-**-5741,Arizona
168,Douglas,Smith,04/07/1981,***-**-9028,Massachusetts
119,Diane,Gray,10/26/1968,***-**-1654,Hawaii
613,Benjamin,Gordon,07/26/1974,***-**-3940,Colorado
473,Stephanie,Miller,09/08/1983,***-**-8885,Louisiana
615,Lynn,Stout,09/17/1973,***-**-6531,Maine
10,Malik,Scott,02/02/1958,***-**-4261,Idaho
86,David,Brown,07/28/1973,***-**-5706,Oklahoma
500,Nathan,Jenkins,01/11/1968,***-**-6468,Wisconsin
38,Maria,Bryant,07/17/1970,***-**-3505,Massachusetts
633,Michael,Griffin,09/15/1963,***-**-4120,Washington
530,Nathan,Smith,04/17/1979,***-**-9334,California
177,James,Jackson,06/01/1958,***-**-4595,California
266,Erika,Jones,02/02/1977,***-**-1552,Alabama
4,Stephanie,Leon,04/06/1967,***-**-0580,Delaware
12,Anthony,Walker,12/25/1969,***-**-5284,Rhode Island
477,Richard,Brooks,10/17/1962,***-**-5295,Kentucky
575,Matthew,Bishop,06/10/1973,***-**-9588,New Jersey
37,Anthony,Thompson,10/04/1990,***-**-1051,Massachusetts
360,Justin,Garcia,09/21/1961,***-**-6120,North Carolina
134,Miguel,Garcia,12/21/1964,***-**-5477,Ohio
416,Jeffrey,Randolph,09/24/1976,***-**-2699,Indiana
45,Raymond,Tran,04/09/1957,***-**-8575,Florida
441,Brandon,Webb,09/10/1966,***-**-8353,Utah
323,Brandon,Petersen,07/06/1982,***-**-1657,Tennessee
58,Bryce,Ball,07/03/1994,***-**-1674,Arizona
639,Blake,Watkins,02/25/1973,***-**-0572,North Carolina
484,Gregory,Morales,08/21/1960,***-**-5605,Colorado
50,Alyssa,Wall,08/24/1964,***-**-2643,Washington
533,Cynthia,Garcia,11/11/1960,***-**-2024,Idaho
611,Amber,Williams,12/03/1969,***-**-7515,New Mexico
563,Steve,Stark,07/02/1957,***-**-7390,Michigan
562,Charles,Baird,02/29/1968,***-**-2710,Florida
559,Mackenzie,Hall,02/28/1990,***-**-6862,Alabama
481,Aaron,King,05/29/1964,***-**-8792,South Dakota
195,Joshua,Perez,02/08/1984,***-**-1226,Georgia
186,Alexander,Valdez,10/24/1975,***-**-7833,North Dakota
160,Ashley,Santos,06/18/1983,***-**-4884,Alabama
143,Joshua,Stephens,04/11/1988,***-**-9528,Vermont
492,Steven,Long,08/18/1994,***-**-4594,Texas
6,Jack,Jackson,07/05/1975,***-**-4734,New York
88,Roberto,Leonard,01/20/1992,***-**-8779,Massachusetts
161,Michael,Park,06/05/1981,***-**-4033,New Mexico
83,Carl,Reeves,12/11/1965,***-**-8325,Louisiana
254,Paul,Lee,07/22/1976,***-**-7697,Indiana
464,Kathryn,Ramirez,08/04/1960,***-**-0099,Ohio
284,Daniel,Medina,10/31/1973,***-**-8215,Mississippi
25,Jesse,Gomez,01/30/1961,***-**-3664,South Carolina
218,Brandon,Good,08/01/1991,***-**-5586,Virginia
99,Sandra,Suarez,06/08/1974,***-**-7890,Georgia
356,Jeffrey,Stevenson,12/07/1957,***-**-3851,Connecticut
317,Richard,Mcdonald,02/21/1957,***-**-8008,North Dakota
229,Joanna,Castillo,03/07/1984,***-**-1576,Indiana
581,Angelica,Reyes,06/06/1992,***-**-7139,Arkansas
452,Jennifer,Wright,03/06/1976,***-**-3901,New Mexico
518,James,Porter,06/30/1957,***-**-1319,California
479,Krystal,Brown,01/31/1961,***-**-8909,Texas
245,Christopher,Reyes,02/01/1981,***-**-4713,Indiana
653,Luis,Lewis,07/18/1965,***-**-3601,Hawaii
19,Lynn,Owens,03/24/1985,***-**-8776,Rhode Island
650,Anthony,Phillips,12/12/1960,***-**-3754,New Jersey
137,Jessica,Mcdonald,12/29/1970,***-**-2911,Mississippi
619,Michelle,Allen,09/13/1972,***-**-8147,Tennessee
654,Victor,Webb,01/17/1959,***-**-2267,Tennessee
201,Martin,Melton,04/06/1972,***-**-7978,New York
165,Pamela,Miles,11/15/1962,***-**-5312,North Carolina
310,Christopher,Compton,09/05/1958,***-**-6855,South Carolina
141,Annette,Rice,03/15/1959,***-**-1866,Florida
600,Travis,Meza,01/10/1974,***-**-4313,New Jersey
529,Brian,Baker,07/28/1976,***-**-2839,Illinois
369,Sharon,Lee,10/23/1967,***-**-7596,Delaware
32,Brian,Sparks,02/14/1967,***-**-8194,Hawaii
522,Dana,Ryan,10/10/1962,***-**-3761,Virginia
651,Maria,Stevens,05/12/1958,***-**-9113,California
608,Julia,Berry,06/17/1960,***-**-3759,New Hampshire
336,Sarah,Williams,09/12/1964,***-**-3882,Iowa
516,Trevor,Short,07/29/1980,***-**-2488,North Dakota
514,Michael,Johnson,04/11/1962,***-**-6015,Maine
426,Louis,Cross,11/13/1959,***-**-7111,Colorado
497,Ryan,Smith,04/24/1964,***-**-2228,Oklahoma
468,Joan,Carter,01/06/1964,***-**-8092,Kentucky
24,Karen,Franklin,06/17/1967,***-**-4888,Vermont
221,Christian,Palmer,04/30/1992,***-**-6104,Alabama
217,Kristopher,Smith,10/20/1982,***-**-3545,Hawaii
399,Cheryl,Velez,07/21/1963,***-**-3300,Tennessee
285,Jeffrey,Harris,12/20/1993,***-**-9625,Mississippi
21,Jamie,Doyle,06/11/1984,***-**-1529,Nevada
447,Adam,Sims,12/20/1973,***-**-6337,Idaho
601,Joshua,Griffith,08/01/1984,***-**-3344,Hawaii
378,Donald,Koch,10/02/1989,***-**-5788,Connecticut
548,Wendy,Leonard,03/18/1957,***-**-7962,Hawaii
42,Dana,Hubbard,08/06/1980,***-**-4700,Florida
344,Brett,Carson,02/27/1970,***-**-5338,Oklahoma
252,Erica,Peters,11/05/1980,***-**-0341,South Carolina
428,William,Carter,01/31/1989,***-**-1954,Vermont
220,Karen,Taylor,01/29/1986,***-**-6243,Arizona
118,Virginia,Cobb,12/04/1978,***-**-9307,Michigan
618,Tamara,Watson,08/18/1968,***-**-6329,New Jersey
370,John,Middleton,07/24/1983,***-**-7354,Oregon
23,Alex,Cruz,12/23/1964,***-**-4744,Connecticut
511,Theresa,Crawford,01/08/1973,***-**-9276,Illinois
43,Glenn,Chavez,11/29/1970,***-**-5246,Nebraska
311,Carrie,Davis,07/16/1963,***-**-7399,Wisconsin
136,Michael,Haynes,09/13/1974,***-**-3346,Nebraska
72,Michele,Arellano,04/12/1981,***-**-5875,Indiana
65,Gina,Stevens,04/05/1992,***-**-2359,Pennsylvania
577,Elizabeth,Hatfield,04/07/1959,***-**-7821,New Mexico
35,Michael,Reyes,07/21/1958,***-**-1842,Florida
296,Spencer,Wilson,09/18/1959,***-**-7753,Indiana
578,Kevin,Smith,08/26/1992,***-**-8582,Indiana
98,Steven,Giles,11/19/1980,***-**-2061,Virginia
569,Mario,Butler,05/03/1979,***-**-3035,Massachusetts
248,Billy,Romero,01/29/1958,***-**-3100,Vermont
433,Katie,Miller,07/09/1970,***-**-7579,Massachusetts
307,William,Salinas,04/24/1983,***-**-6013,Missouri
398,Kendra,Alvarado,10/07/1957,***-**-0633,California
60,Kimberly,Wright,03/20/1979,***-**-9022,Ohio
282,Judy,Nelson,10/17/1968,***-**-2012,Nevada
436,Alexandra,Golden,04/08/1978,***-**-3418,North Dakota
318,Patricia,Park,07/28/1965,***-**-5775,Colorado
494,Kylie,Chavez,01/10/1965,***-**-3816,Connecticut
644,Randy,Edwards,06/29/1980,***-**-9087,Oregon
413,Glenda,Hebert,05/18/1987,***-**-7625,New York
345,Erin,Garrett,04/29/1980,***-**-5815,South Dakota
123,Donna,Floyd,03/30/1957,***-**-1819,South Dakota
208,Brandon,Watson,02/12/1974,***-**-3375,Pennsylvania
346,Paul,Patterson,02/22/1985,***-**-4729,Pennsylvania
385,Hannah,Henderson,12/21/1960,***-**-5897,Pennsylvania
454,Autumn,Smith,07/24/1974,***-**-7279,California
209,Steven,Contreras,05/31/1986,***-**-6852,Delaware
271,Miguel,Russell,09/25/1986,***-**-0302,Utah
152,Kim,Martin,08/03/1964,***-**-3452,South Carolina
283,Heidi,Proctor,01/31/1993,***-**-9545,Ohio
592,Nicholas,May,06/19/1976,***-**-8728,Kansas
469,Michael,Nunez,06/22/1982,***-**-9379,West Virginia
306,Gregory,Bowen,07/05/1981,***-**-1510,Ohio
237,Jennifer,Juarez,06/30/1969,***-**-9009,Oklahoma
457,April,Williamson,10/25/1990,***-**-8318,Kansas
293,Francisco,Smith,08/12/1972,***-**-1836,North Dakota
374,Roger,Taylor,11/02/1975,***-**-6293,Georgia
276,Gabriela,Williams,01/10/1976,***-**-5792,Arizona
112,Stephanie,Pittman,12/05/1965,***-**-0840,Maryland
333,Sarah,Porter,08/09/1962,***-**-3997,Arizona
546,Ernest,Cooper,09/24/1971,***-**-2003,New Jersey
496,Alexandra,Fisher,03/06/1976,***-**-2206,Alaska
504,Henry,Turner,11/20/1984,***-**-7954,Oklahoma
126,Charles,Rogers,08/31/1984,***-**-8407,Nevada
418,Keith,Lynch,02/26/1988,***-**-4803,Iowa
566,Lindsay,Bowman,08/24/1972,***-**-8895,Alabama
249,Jennifer,Lutz,07/05/1990,***-**-2943,Rhode Island
624,Mark,Mills,11/20/1962,***-**-7406,Arkansas
358,Dawn,Thomas,08/05/1960,***-**-0942,North Carolina
197,Keith,Tyler,05/10/1975,***-**-7953,Missouri
538,Joseph,Smith,03/12/1960,***-**-3836,Louisiana
164,Michael,Dudley,03/10/1966,***-**-3459,South Dakota
450,Blake,Bowman,01/17/1961,***-**-8076,North Dakota
602,Amy,Graves,08/22/1994,***-**-9448,South Carolina
239,Robert,Hill,10/03/1968,***-**-8902,Arkansas
627,Robert,Davis,08/13/1988,***-**-5405,Maryland
459,Tammy,Horton,03/06/1981,***-**-0677,Rhode Island
394,Allison,Watkins,03/27/1992,***-**-1605,Nevada
554,James,Mathis,11/29/1989,***-**-3276,Iowa
90,Sabrina,Shelton,02/03/1958,***-**-2668,Idaho
364,Rachel,Coleman,10/26/1983,***-**-7638,South Dakota
574,William,Cantrell,08/17/1973,***-**-4706,California
607,Donna,Carroll,09/16/1968,***-**-9127,Massachusetts
157,Tammy,Harris,01/26/1961,***-**-8283,Ohio
241,Debra,Pena,10/16/1957,***-**-9872,Minnesota
558,James,Reilly,03/01/1957,***-**-7935,South Dakota
324,Robert,Krause,03/11/1957,***-**-5246,New Mexico
183,Chad,Crawford,11/05/1990,***-**-0638,Illinois
381,Luke,Huerta,01/05/1986,***-**-5912,Michigan
505,Corey,Long,09/06/1978,***-**-9787,Missouri
437,Joshua,Flores,10/30/1987,***-**-5727,Nebraska
135,Jeffery,Collins,06/01/1993,***-**-4791,Kentucky
27,Michael,Clements,01/03/1994,***-**-6223,North Carolina
48,Christopher,Williams,02/23/1977,***-**-6535,Hawaii
286,Laura,Mata,10/22/1966,***-**-5794,Alabama
308,Jessica,Campbell,09/16/1968,***-**-2121,Florida
163,Kristy,Hebert,11/12/1973,***-**-9892,Washington
275,Rachel,Silva,11/19/1974,***-**-3474,North Dakota
521,Tyrone,Dean,01/31/1986,***-**-5932,Virginia
53,Angela,White,02/17/1963,***-**-2921,Maine
539,Teresa,Bell,05/12/1975,***-**-1580,Indiana
482,Edwin,Williams,07/27/1981,***-**-6206,Pennsylvania
342,Hannah,Hicks,06/05/1978,***-**-9383,Louisiana
150,Kevin,Rivera,03/14/1994,***-**-8418,Delaware
448,Trevor,Jones,07/28/1959,***-**-5747,Oregon
604,Emily,Silva,04/24/1989,***-**-5242,Minnesota
154,Emma,Thomas,02/25/1960,***-**-2668,North Dakota
591,Lisa,Myers,07/22/1980,***-**-7446,Wisconsin
196,Jennifer,King,02/04/1975,***-**-2581,Maryland
507,Dylan,Walker,11/01/1971,***-**-4143,Georgia
409,Andrea,Snyder,07/10/1981,***-**-3882,Kentucky
629,Samuel,Lane,02/09/1992,***-**-2267,Oklahoma
305,Jennifer,Cameron,05/16/1962,***-**-7541,Oregon
297,Rodney,Cross,06/14/1985,***-**-4949,Nebraska
133,Dustin,Brown,12/18/1990,***-**-3364,Oregon
125,Krista,Mack,09/30/1969,***-**-0563,South Dakota
106,Luis,Ruiz,02/01/1977,***-**-4894,Nevada
335,Cassandra,Johnson,12/01/1991,***-**-0203,Alabama
648,Ruth,Nichols,07/21/1990,***-**-7608,Nebraska
332,Pamela,Dean,08/15/1987,***-**-3302,Connecticut
175,Beth,Lee,12/08/1961,***-**-1371,Minnesota
104,Christopher,Martin,04/26/1977,***-**-9812,Wyoming
314,Amanda,Johnson,09/03/1974,***-**-7153,Massachusetts
551,Joseph,Barnett,10/24/1959,***-**-1644,Oregon
124,Maria,Burns,11/24/1979,***-**-9488,West Virginia
8,Kevin,Riley,09/05/1962,***-**-5605,West Virginia
251,Brian,Reyes,07/15/1962,***-**-0510,West Virginia
643,Jeffrey,Robinson,06/21/1958,***-**-6490,Missouri
238,David,Gardner,09/05/1961,***-**-8396,Florida
303,Tracey,Downs,02/28/1974,***-**-4596,New Mexico
519,Cody,Ramirez,10/15/1982,***-**-7950,Louisiana
178,Heather,Gray,05/09/1981,***-**-6848,Kansas
458,Erika,Lewis,02/15/1960,***-**-9111,Colorado
207,Ronald,Maynard,11/22/1978,***-**-9020,Kentucky
598,Ashley,Saunders,06/11/1991,***-**-5309,Georgia
352,Paul,Kaufman,11/02/1978,***-**-0964,Iowa
645,Nathan,Rosario,06/15/1964,***-**-5027,New York
146,Melissa,Nguyen,10/06/1978,***-**-1193,Minnesota
51,Mitchell,Gill,07/27/1989,***-**-7598,Kentucky
512,Michael,Shaw,04/18/1977,***-**-8249,Oregon
467,Crystal,Jones,12/20/1972,***-**-8160,Maryland
179,Jasmine,Harrison,12/04/1957,***-**-0602,West Virginia
54,Chase,Grant,05/04/1985,***-**-1229,Kansas
570,Shawn,Kidd,04/10/1961,***-**-4240,Minnesota
527,Chris,Robinson,01/24/1970,***-**-1013,South Carolina
288,Carla,Smith,05/05/1969,***-**-6182,Alabama
382,Kimberly,Burns,01/30/1985,***-**-5610,California
408,Lori,Sullivan,10/05/1992,***-**-4062,New York
147,Jennifer,Williams,02/25/1994,***-**-7025,Maine
198,John,Lamb,03/09/1986,***-**-1494,Colorado
194,Joanne,Lamb,06/28/1974,***-**-6922,Louisiana
206,David,Brown,12/27/1978,***-**-4274,Delaware
76,Scott,Leach,04/03/1985,***-**-5144,Arkansas
432,Andrew,Tyler,04/08/1970,***-**-3511,Iowa
